ProjectId,ProjectName,Title,Description,Role
129529,MDN Durable Team,"[Fx61-SVG] As a Web developer I want to know about the latest SVG features in Firefox 61, so that I can test and make use of new technologies.",,Content
129529,MDN Durable Team,[medium/high] Evaluate candidates for MDN Performance Audit,"*   [Request for Proposal](https://docs.google.com/document/d/1Q-6PfrqjPRQnA4oq6Wc4MQNibEAxiG4xUUUjpE0NDdQ)*   Timeline:    *   Monday, April 2 - selection of top bidders    *   Monday, April 16 - start of negotiation    *   Monday, April 23 - contract award",Back
129529,MDN Durable Team,[S/H] Put a CDN in front of developer.mozilla.org,"The goals are that a CDN in front of [developer.mozilla.org](http://developer.mozilla.org) will:*   improve response times since endpoints will mostly be served from a cached response and because the cached response will come from a server that is closer to the user*   greatly reduce the load on MDN, which will in turn reduce downtime events due to scrapers and other issues*   automatically provide a better level of protection against DDoS attacks (e.g., via AWS Shield)Here is the checklist:*   [x] Successful testing on stage.*   [x] Create the new primary CDN ([via this Terraform](https://github.com/mozmeao/infra/pull/726/files#diff-790cd9740f7816b0c7811190c12f0a69)) with an origin of **[prod.mdn.moz.works](http://prod.mdn.moz.works)** (**[d2jhm933xpgpf7.cloudfront.net](http://d2jhm933xpgpf7.cloudfront.net)**)*   [x] Manually order the behaviors in the new primary CDN*   [x] Push master to production*   [ ] Make the DNS switch: **[developer.mozilla.org](http://developer.mozilla.org)** switched to the new primary CDN **[d2jhm933xpgpf7.cloudfront.net](http://d2jhm933xpgpf7.cloudfront.net)**. At this point, the static and media files will still be served from the **[cdn.mdn.mozilla.net](http://cdn.mdn.mozilla.net)** CDN.*   [ ] Stop using the **[cdn.mdn.mozilla.net](http://cdn.mdn.mozilla.net)** CDN for static/media files (review, merge, and deploy [github.com/mozmeao/infra/pull/757](https://github.com/mozmeao/infra/pull/757)).",Content
129529,MDN Durable Team,[L/L] Stop using deprecated Django features,"Stop using features that are not supported in Django 1.11, both in 3rd party packages and in Kuma.Acceptance Criteria:* ``PYTHONWARNINGS=all pytest kuma --capture=no`` returns no Removal or Deprecation warnings, tests run (with possible failures) under Django 1.11.References:* [Django Upgrade advice](https://docs.djangoproject.com/en/1.11/howto/upgrade-version/)* [Kuma Package Updates Q1 2018](https://docs.google.com/spreadsheets/d/1ujDsT-N5Ikrut9Mm_GIe0i2ZPUc3EoLpJXwLPxEvFwk/edit#gid=1438094461)* [Bug 1399639](https://bugzilla.mozilla.org/show_bug.cgi?id=1399639) (Update dependencies)* [Bug 1429933](https://bugzilla.mozilla.org/show_bug.cgi?id=1429933) (Eliminate RemovedInDjangoXXWarnings)",Back
129529,MDN Durable Team,"As the community lead, I want to run an experiment with encouraging MDN users to share on Twitter when they promote MDN, so we can gauge whether users have interest in such an approach",,Stakeholder
129529,MDN Durable Team,Content planning tasks,,Content
129529,MDN Durable Team,"As a MDN contributor, I want to have non-web docs moved off MDN as appropriate so the focus of the site can be kept pure.",,Content
129529,MDN Durable Team,User Research: Summary Compat Data Tables,Acceptance Criteria:*   Summary of user interviews*   Decision on problems to address and scope of projecthttps://docs.google.com/document/d/1P3Wpd-GrgEbk7ZZuFxNto8E3S1vPdQKApUsDjNM8T3I/edit#,Back
129529,MDN Durable Team,Update HTML element reference pages for SEO,"Apply recommended SEO improvements to the HTML documentation. This is a long-term user story that will span sprints.The primary goal is to update the page titles to the new form ""<elementname>: The Element Full Name element"", such as ""<ul>: The Unordered List element"".While at this, I'm also cleaning up other issues with the content, improving SEO summaries, updating text and examples, and some other improvements.I'll add tasks to this soon for each of the elements, to track work as it gets done.",Content
129529,MDN Durable Team,SEO Experiment: Optimize internal links in the /Web tree,"For this experiment, we will select 5 or 10 good quality pages which are not currently ranked #1 and improve links to and from those pages to improve discoverability and to help bring the search rank up.Ideally, at least some of the inbound links to the pages in question should be on pages which themselves are highly-ranked.For each page selected in task [#3937-Select 10 pages to test](/project/viya-mdn-durable-team/task/3937), the following steps should be taken:1.  Open Google Search Console2.  In the sidebar, under ""Search Traffic,"" click ""Search Analytics""3.  Click the ""Impressions"" checkbox and select the ""Pages"" radio button. Click the popup under the ""Dates"" radio button (but not the ""Dates"" radio button itself) and set it to 90 days. The result is a list of page impressions over the past 90 days.4.  Click the page to test in the resulting list to see its details5.  On the details page, click the ""Queries"" radio button to see a list of the top search queries that brought users to the page6.  Find appropriate MDN pages based on that query and ensure there are links to the page being improved as appropriate7.  Try to add 3-5 new inbound links to the page being tested",Content
129529,MDN Durable Team,"[M/M] As community lead, I want start engaging with top MDN contributors, to find out if they respond to that","Acceptance criteria:- Tools are in place for tracking contacts with contributors, and related metrics, such as pre/post contribution, interaction on Discourse, etc.- Initial 10 contacts with top contributors (based on monthly contribution)",Stakeholder
129529,MDN Durable Team,"[M/M] As an MDN team member, I want to be trained on the selected tool, so that I can start working with it effectively immediately.","Acceptance criteria: - Training material is completed- Training session is scheduled, completed, and recorded",Stakeholder
129529,MDN Durable Team,"[M/M] As an MDN team member, I want a plan for transitioning to ZenHub, so my work is minimally disrupted",Acceptance Criteria:- Plan is created and reviewed by stakeholders- Any billing arrangement needed is in place,Stakeholder
129529,MDN Durable Team,"[M/M] As an MDN team member, I want ZenHub implemented for Q2 Sprint 3, so I can continue my work with minimal disruption",Acceptance criteria:- ZenHub scheme is implemented and ready to go for Q2 Sprint 3,Stakeholder
129529,MDN Durable Team,[L/M] As a product owner I want to have a prototype of the HTML interactive examples to user test,1. Create interactive HTML example editor2. Write ~5-10 examples3. Internally test and sign of on user testing readiness,Front
129529,MDN Durable Team,"[Fx59-JS] As a Web developer I want to know about the latest JavaScript features in Firefox 59, so that I can test and make use of new technologies.",,Content
129529,MDN Durable Team,"[Fx59-media] As a web developer I want to know about the latest Media features in Firefox 59, so that I can test and make use of new technologies.",,Content
129529,MDN Durable Team,"[Fx59-WebExt] As a WebExtension developer I want to know about the latest WebExtension features in Firefox 59, so that I can test and make use of new technologies.",,Front
129529,MDN Durable Team,Migrate CSS compat data [S/M],,Content
129529,MDN Durable Team,Evaluate results of Thin Pages SEO experiment,"This is to evaluate the results of the thin pages SEO experiment (https://tree.taiga.io/project/viya-mdn-durable-team/us/3272).For each page updated for US [#3272-Experiment: Fix thin pages](/project/viya-mdn-durable-team/us/3272):*   Using Ahrefs, collect the CTR from before the changes were made and the CTR from after the changes were made*   Calculate percent change*   Bonus: Compare our actual Google page rank now versus then.Put together a report of the results.",Content
129529,MDN Durable Team,"As the MDN PM I want to know whether the MDN data is comparable to the IDC data, so we can use that on a regular basis",Link to survey: surveygizmo.com/s3/3630405/MDN-dev-survey-tracking-IDC-survey AC:*   Survey results are copiled and summarized*   Decision is made on how to use the result moving forwar,Back
129529,MDN Durable Team,[L/L] Research Django 1.11 upgrade,"As a developer, I'd like to experiment with Kuma and Django 1.11, to plan the effort of updating.Django 1.11 is the next Long-Term Support (LTS) release of Django.  It is planned for release around April 2017, and then will be the LTS release until work begins on Django 3.0.Django 2.0 is scheduled for release in December 2017. Django is recommending that [third-party libraries drop support for versions before Django 1.11](https://docs.djangoproject.com/en/dev/releases/2.0/#third-party-library-support-for-older-version-of-django). It may become harder to upgrade from 1.8 after the release of 2.0.We are currently on Django 1.8, the current LTS release.  This will become unsupported in April 2018.Acceptance Criteria:- 1-3 days of attempting to update to Django 1.9, 1.10, and 1.11- A TravisCI target for 1.11 or the most relevant version- A rough plan and estimate of effort for the update, with epics, user stories, and tasks as is useful.",Back
129529,MDN Durable Team,[M/M] Add nofollow tag to internal links,"**Acceptance Criteria**At bleach time (after KumaScript rendering). links to non-existent documents are marked ""nofollow"", such as:```<a href=""/en-US/docs/Mozilla/Firefox_OS/API/Archive"" rel=""nofollow"" class=""new"">Archive</a>```[Discussion document](https://docs.google.com/document/d/1UiFcdzVlBGxdrMKQh21U9xAxmaBmwCS6wuyqsN-aMuM/edit?ts=59c3cde3#heading=h.s5vcvcn5mq5s)",Back
129529,MDN Durable Team,"[SPAM-Outsourcing]  As a Product Owner, I don't want to spend developers’/writers’ time on reviewing and handling spam, so that they can spend it on content that creates value for users.","[Part of epic #182]Acceptance criteria===================- If an interesting company is found, Statement of Work (SOW) agreed between Mozilla and a vendor to review spam issues on MDN.",Content
129529,MDN Durable Team,"[XL] As a tool developer want to have access to MDN’s web JavaScript compatibility data, so I can build a feature for my users that tells them about incompatibilities in their code.",AC:1) JavaScript compat data is migrated from static wiki tables into the BCD repo.2) MDN JS pages make use of the {{compat}} macro to display tables from the npm packaged data.,Content
129529,MDN Durable Team,"[Fx52-HTTP][11/11] As a web developer I want to know about the latest Network & Security features in Firefox 52, so that I can test and make use of new technologies",Acceptance criteria: all bugs referenced in the tasks are marked dev-doc-complete.,Content
129529,MDN Durable Team,"[L] As an MDN team member I want all resources lined up for user testing, so we can test our prototypes as soon as they are ready",Acceptance Criteria:- We have a plan for testing our prototypes with users- We have gotten feedback from the user research team on our plan- We have budget secured to go through with user testing- We have agreement with either our own researchers or with an external company to test with web developers in early February,Back
129529,MDN Durable Team,"[MH] [RESEARCH] Define the structure of the API overview pages, so that we can ensure to have an efficient structure, as well as ensuring coherence between them.","[Part of epic #226]This story is about researching about the structure and content of an API overview page. Once this study has been published, a test page has to be created so that the team can discuss it. Once validated, meta-documentation has to be created so we can parallelize future work of producing the 120 or so API overview pages. Examples of existing API overview pages (of different quality):- https://developer.mozilla.org/en-US/docs/Web/API/Web_Workers_API- https://developer.mozilla.org/en-US/docs/Web/API/Permissions_API- https://developer.mozilla.org/en-US/docs/Web/API/Encoding_API- https://developer.mozilla.org/en-US/docs/Web/API/Fetch_API- https://developer.mozilla.org/en-US/docs/Web/API/Gamepad_API- https://developer.mozilla.org/en-US/docs/Web/API/Push_API- https://developer.mozilla.org/en-US/docs/Web/API/Web_Crypto_API- https://developer.mozilla.org/en-US/docs/Web/API/IndexedDB_API- https://developer.mozilla.org/en-US/docs/Web/API/Pointer_Lock_API- https://developer.mozilla.org/en-US/docs/Web/API/Channel_Messaging_API- https://developer.mozilla.org/en-US/docs/Web/API/File_System_API- https://developer.mozilla.org/en-US/docs/Web/API/Web_Speech_API- https://developer.mozilla.org/en-US/docs/Web/API/Media_Streams_API- https://developer.mozilla.org/en-US/docs/Web/API/Web_Storage_API- https://developer.mozilla.org/en-US/docs/Web/API/Battery_Status_API- https://developer.mozilla.org/en-US/docs/Web/API/Navigation_timing_API- https://developer.mozilla.org/en-US/docs/Web/API/Broadcast_Channel_API- https://developer.mozilla.org/en-US/docs/Web/API/Network_Information_API- https://developer.mozilla.org/en-US/docs/Web/API/Web_Animations_API- https://developer.mozilla.org/en-US/docs/Web/API/Credential_Management_API- https://developer.mozilla.org/en-US/docs/Web/API/Intersection_Observer_API- https://developer.mozilla.org/en-US/docs/Web/API/Web_Audio_API- https://developer.mozilla.org/en-US/docs/Web/API/MediaRecorder_API- https://developer.mozilla.org/en-US/docs/Web/API/Presentation_API- https://developer.mozilla.org/en-US/docs/Web/API/Canvas_APIAlso some thoughts are in this bug: https://bugzilla.mozilla.org/show_bug.cgi?id=1019880(It has been created when we called these pages API landing pages, hence the different terminology)Acceptance Criteria===================:x: A list of all needed API overview pages (and work needed) has been published. USs to perform the actual work created:x: An analysis about the content of these overview pages has been published.:x: A example API overview page has been created and validated:x: Meta-documentation about how to produce such page has been written",Content
129529,MDN Durable Team,"[MH] As the MDN PO I want to have our targets for 2017 defined, so we can start planning OKRs for Q1","Mozilla will use OKRs to set objectives and track results in 2017. Objectives are set on a long term basis, key results on a quarterly basis. We need to have targets for 2017 set, so we can start working on our OKRs for Q1Acceptance Criteria:* Timeline for strategy evaluation and outline done* Targets communicated and set",Back
129529,MDN Durable Team,"[LM] As a compat data publisher, I want to use a unified data schema for all compat data across the repository",Acceptance criteria:- Schema published- Doc for schema available,Content
129529,MDN Durable Team,"[H] As a content moderator, I want to standardize tags, so that duplicate tags are no longer added","[bug 1271552](https://bugzilla.mozilla.org/show_bug.cgi?id=1271552) (""Duplicate case-sensitive tags appear spontaneously, cannot be deleted"") describes the end result of a deep problem.  The code expects the tag name column to be unique, but the production database schema has fallen behind what the code thinks it should be.  Several steps, some requiring MDN maintenance windows, will be needed to fix this bug.Acceptance Criteria---Duplicate tags are not present and can not be added to the database",Back
129529,MDN Durable Team,"[WebVR 1.0] As a Developer, I want to be able to write VR applications using the web platform that can interact with VR Devices.",[Part of epic ?]Acceptance Criteria==================- WebVR reference docs updated with changes in WebVR 1.0 API- WebVR tutorials updated to follow WebVR 1.0 API- WebVR demos updated to use the WebVR 1.0 API,Content
129529,MDN Durable Team,"As an MDN moderator, I want to delete spammers and their spam more efficiently, so I waste less time on that task.","Spam moderators have a single page where they can:* View important parts of a user's profile* View contributionsWith a few clicks, they can:* Ban the user* Revert most revisions* ~~Send an email to other spam admins summarizing actions~~ - Moved to US #759* See a list of revisions requiring manual cleanupThis builds on the design completed in user story #75 in sprint 2* [Design doc](https://docs.google.com/document/d/1xewZXZlz-VpUFXff3GQ2QElxgqxFxldN751boGkIBPI/edit#heading=h.fh2h0n181bek)* Wireframes in task #102* Tracking in [bug 1259776](https://bugzilla.mozilla.org/show_bug.cgi?id=1259776)**Acceptance Criteria**: User ban and spam revert takes less than 1 minute",Back
129529,MDN Durable Team,"[Value Proposition] As the Product Owner I'd like to confirm the value proposition of MDN with stakeholders, so I can start defining the KPIs",[Part of epic #180]Document produced during Sprint 1: [Value proposition](https://docs.google.com/presentation/d/1KjU18IfhmZcA6mJkDr3BgRNWmZGaY494CVyXQ8v6EDM/edit#slide=id.g12f35cc574_1_16)Acceptance criteria===================- Documentation of the value proposition completed- Buy-in/agreement from stakeholders achieved.,Back
129529,MDN Durable Team,[Research] Get an overview of community work commitment so that we can have a baseline to measure the effect of our future community engagement work,[Part of epic #380]This research is here to help us figuring out how much work our community is doing in order to be able to measure the effect of our work when engaging the community. Acceptance criteria===================:x: Baseline metrics are defined:x: Current stats of those metrics is gathered and shared,Content
129529,MDN Durable Team,"[MH] As a web developer, I want to master HTTP Cookies so that I can create sessions on my web site and be aware of the privacy implications",[This US story is part of the epic #255]HTTP Cookies are important to work-around the stateless nature of HTTP. It is fundamental part of a web developer life and often complex for him to debug.See [Information Architecture](https://docs.google.com/document/d/1FotSIFpsaumitJl081aV8df6L71Jfw-FNPsSk9DSK4A/edit#) for the overview of all the HTTP articles.# Acceptance criteriaThe following guide articles are [done](https://docs.google.com/document/d/1blL_Jvu3FhPMTE7PkrqvVLiUqAYDvnmCTTIK5s2b-Yg/edit)::white_check_mark: HTTP cookiesThe following reference articles are [done](https://docs.google.com/document/d/1blL_Jvu3FhPMTE7PkrqvVLiUqAYDvnmCTTIK5s2b-Yg/edit)::white_check_mark: Cookie:white_check_mark: Set-Cookie:white_check_mark: Cookie2:white_check_mark: Set-Cookie2,Content
129529,MDN Durable Team,"As an MDN moderator, I want to know when and how other moderators handle spam, so I don't duplicate work","Part of epic #182 (Spam)When a spam moderator uses the one-click tool to ban a user and revert spam, an email should be sent to the spam moderators list summarizing the actions taken and the work left to do.* Formerly Task #359 of User Story #355 in [Q3 Sprint 1](https://tree.taiga.io/project/viya-mdn-durable-team/taskboard/sprint-3-1557).* [Design doc](https://docs.google.com/document/d/1xewZXZlz-VpUFXff3GQ2QElxgqxFxldN751boGkIBPI/edit#heading=h.fh2h0n181bek)* Wireframes in task #102* Tracking in [bug 1259776](https://bugzilla.mozilla.org/show_bug.cgi?id=1259776)**Acceptance Criteria**: * Summary email is sent to spam moderator's group when a user is banned.",Back
129529,MDN Durable Team,"[Mgmt] As the content manager of MDN, I want to contract an external writer to produce guide documentation about Clearfix/CSS Masks",Acceptance criteria- The contract is signed by both parties (fully executed in legalese terminology),Content
129529,MDN Durable Team,"[KPIs Definition] As the Product Owner, I'd like to define the KPIs, so I can start measuring how successful we are",Acceptance criteria===================- Proposal of potential KPIs documented- Buy-in/agreement from stakeholders achieved,Back
129529,MDN Durable Team,[RESEARCH] Get the scope of HTTP so that we can split and prioritize work.,"[Part of epic #255]HTTP is huge and we need to understand what it covers (HTTP/1.1 protocol, HTTP/2 protocol, TLS protocol, Status Codes, Request/Response headers, …)Acceptance Criteria===================:white_check_mark: All specifications related to HTTP have been listed:white_check_mark: Pages and overall content architecture has been defined:white_check_mark: User Stories for writing HTTP docs are 'Ready'",Content
129529,MDN Durable Team,"As an aspiring web developer, I want to understand the basics of numbers, operators and other related functions so I can handle fundamental Maths in JavaScript.",[Part of epic #217]Acceptance criteria===================:x: Article has been written:x: Article has been reviewed by at least one internal and one external personThis article belongs to the [JavaScript first steps](https://developer.mozilla.org/en-US/Learn/JavaScript/First_steps) module.,Content
129529,MDN Durable Team,"[WebExtensions 48] As a Browser Extension Developer, I want to know which Web Extensions API can be used in multiple browsers so that I can guarantee that my Web extensions will be portable.",[Part of epic ?]Acceptance criteria===================- WebExtensions reference docs updated w/ change up to Fx 48,Front
129529,MDN Durable Team,Initial proposal of KPIs,Work document: https://docs.google.com/spreadsheets/d/10EkzQlxuaRBGXK5mMnpcZ3Thq9KGKUEUU9xVye5PXGs/edit#gid=0,Back
129529,MDN Durable Team,Present value proposition with stakeholders ,,Back
129529,MDN Durable Team,Update VRDisplay interface,,Content
129529,MDN Durable Team,Document VRDisplayCapabilities interface,,Content
129529,MDN Durable Team,Update VRFieldOfView interface,,Content
129529,MDN Durable Team,Update VRPose interface,,Content
129529,MDN Durable Team,Update VREyeParameters interface,,Content
129529,MDN Durable Team,Document VRStageParameters interface,,Content
129529,MDN Durable Team,"Update Navigator, Window, and Gamepad interfaces",,Content
129529,MDN Durable Team,Update tutorials,,Content
129529,MDN Durable Team,Update WebVR demos to 1.0,,Content
129529,MDN Durable Team,Document Commands API,https://developer.mozilla.org/en-US/Add-ons/WebExtensions/manifest.json/commandshttps://developer.mozilla.org/en-US/Add-ons/WebExtensions/API/commands,Front
129529,MDN Durable Team,Document improvements to the webNavigation API in Fx 48,"Updated compat data, and rewritten the docs for this: https://developer.mozilla.org/en-US/Add-ons/WebExtensions/API/webNavigation",Front
129529,MDN Durable Team,"Document improvements to the webRequest API in Fx 48 (requestOrigin, requestBody)",,Front
129529,MDN Durable Team,Document CSP support,,Front
129529,MDN Durable Team,Document VRLayer Interface,,Content
129529,MDN Durable Team,Document improvements to the add-on debugger,Need to rewrite the [Debugging](https://developer.mozilla.org/en-US/Add-ons/WebExtensions/Debugging) article.,Front
129529,MDN Durable Team,Interpret Firefox telemetry data and collect the most common JS errors,Telemetry data is here: https://telemetry.mozilla.org/new-pipeline/dist.html#!cumulative=0&end_date=2016-05-05&keys=JSMSG_CANT_CONVERT_TO!JSMSG_DEBUGGEE_WOULD_RUN!JSMSG_NOT_DEFINED!JSMSG_NOT_DEFINED&max_channel_version=nightly%252F48&measure=DEVTOOLS_JAVASCRIPT_ERROR_DISPLAYED&min_channel_version=nightly%252F46&product=Firefox&sanitize=0&sort_keys=submissions&start_date=2016-04-12&table=1&trim=1&use_submission_date=1Created a spreadsheet from this data for now:https://docs.google.com/spreadsheets/d/1S-2p_laXwwHsmnz1C7EeX9XTuvGyDWXhpfpa8-uUZbE/edit#gid=0,Content
129529,MDN Durable Team,Write pages for the 10 most common JS errors,,Content
129529,MDN Durable Team,Write pages for the 10ᵗʰ to 20ᵗʰ most common JS errors,,Content
129529,MDN Durable Team,Write pages for the 20ᵗʰ to 30ᵗʰ most common JS errors,,Content
129529,MDN Durable Team,Document the additions of chapter 6 of WebRTC spec for the RTCPeerConnection interface,|Status|Task||———---|----|| DONE |attribute sctp|| DONE |method createDataChannel()|| DONE |attribute ondatachannel|Most of this is done to some extent but needs work. Only the `sctp` attribute has no content yet.,Content
129529,MDN Durable Team,Document the properties of RTCDataChannel interface,The following properties need to be documented for this task:|Status|Property Name|URL|-|-|-||DONE|`label`|https://developer.mozilla.org/en-US/docs/Web/API/RTCDataChannel/label||DONE|`ordered`|https://developer.mozilla.org/en-US/docs/Web/API/RTCDataChannel/ordered||DONE|`maxPacketLifeTime`|https://developer.mozilla.org/en-US/docs/Web/API/RTCDataChannel/maxPacketLifeTime||DONE|`maxRetransmits`|https://developer.mozilla.org/en-US/docs/Web/API/RTCDataChannel/maxRetransmits||DONE|`protocol`|https://developer.mozilla.org/en-US/docs/Web/API/RTCDataChannel/protocol||DONE|`negotiated`|https://developer.mozilla.org/en-US/docs/Web/API/RTCDataChannel/negotiated||DONE|`id`|https://developer.mozilla.org/en-US/docs/Web/API/RTCDataChannel/id||DONE|`readyState`|https://developer.mozilla.org/en-US/docs/Web/API/RTCDataChannel/readyState||DONE|`bufferedAmount`|https://developer.mozilla.org/en-US/docs/Web/API/RTCDataChannel/bufferedAmount||DONE|`bufferedAmountLowThreshold`|https://developer.mozilla.org/en-US/docs/Web/API/RTCDataChannel/bufferedAmountLowThreshold||DONE|`binaryType`|https://developer.mozilla.org/en-US/docs/Web/API/RTCDataChannel/binaryType||DONE|`stream`|https://developer.mozilla.org/en-US/docs/Web/API/RTCDataChannel/stream|,Content
129529,MDN Durable Team,Document the RTCDataChannel.send() method,,Content
129529,MDN Durable Team,Document the event handlers on the RTCDataChannel interface,|Status|Event Handler|Link||————-—|——————|——|| DONE |`onopen`|https://developer.mozilla.org/en-US/docs/Web/API/RTCDataChannel/onopen|| DONE |`onbufferedamountlow`| https://developer.mozilla.org/en-US/docs/Web/API/RTCDataChannel/onbufferedamountlow|| DONE |`onerror` |https://developer.mozilla.org/en-US/docs/Web/API/RTCDataChannel/onerror|| DONE |`onclose`|https://developer.mozilla.org/en-US/docs/Web/API/RTCDataChannel/onclose|| DONE |`onmessage`|https://developer.mozilla.org/en-US/docs/Web/API/RTCDataChannel/onmessage|,Content
129529,MDN Durable Team,Document the RTCDataChannelEvent interface,|Status|Page||-|-||DONE|https://developer.mozilla.org/en-US/docs/Web/API/RTCDataChannelEvent||DONE|https://developer.mozilla.org/en-US/docs/Web/API/RTCDataChannelEvent/channel||DONE|https://developer.mozilla.org/en-US/docs/Web/API/RTCDataChannelEvent/RTCDataChannelEvent|,Content
129529,MDN Durable Team,Review and update tutorial(s) about data channels,,Content
129529,MDN Durable Team,Review the 10 WAAPI-related pages delivered pages,,Content
129529,MDN Durable Team,Write a tutorial about using float and clear CSS properties,,Content
129529,MDN Durable Team,Write a tutorial about CSS positioning,,Content
129529,MDN Durable Team,Find out how we can effectively measure how many page views we have that contain spam (in a given timeframe),"A possible idea:* Use Google Analytics to measure how many users view a given page on MDN, with the goal of finding a view rate for a page, such as ""5 views per hour"". There may be a way to segment the high-traffic pages from the low-traffic pages.* Analyze revisions marked as spam, to determine the average time that spam is visible on the site* Create a model for future spam attempts - Published Spam * Average time visible on site * View Rate for pages = Total organic views of spam for a time period.* Bonus: Determine how often Google indexes the site.Research includes Google Analytics, analysis of production data, and Google's Webmaster Tools.",Back
129529,MDN Durable Team,Research getting page views from Google Analytics,It is [possible](https://www.googleapis.com/analytics/v3/data/ga?ids=ga%3A66726481&start-date=30daysAgo&end-date=yesterday&metrics=ga%3Apageviews&dimensions=ga%3ApagePath&sort=-ga%3Apageviews&filters=ga%3ApagePath%3D%3D%2Fen-US%2Fdocs%2FWeb%2FJavaScript&max-results=100&access_token=ya29.CjLsArU66_glNLqFE8acZ0MZpmjqhaQzVlUDydcSAKybHlmHRm5LFrBa4nLa11v7zlELeg) to request page views for a specific page. There is a [query explorer](https://ga-dev-tools.appspot.com/query-explorer/?ids=ga%3A66726481&start-date=30daysAgo&end-date=yesterday&metrics=ga%3Apageviews&dimensions=ga%3ApagePath&sort=-ga%3Apageviews&filters=ga%3ApagePath%3D%3D%2Fen-US%2Fdocs%2FWeb%2FJavaScript&max-results=100) to try out the queries.The research needed is:* Can we access the API from an async task?* Are there API limitations that need to be considered for the design?* Can we reliably ask for page views of zoned URLs?* Can we reliably ask for page views of new pages?* Can we reliably ask for page views of moved pages?* Can we reliably ask for page views of deleted pages?The outcome of the research will be follow-on tasks for implementing this dashboard.,Back
129529,MDN Durable Team,Mockup dashboard of estimated viewers of spam,"Create a mockup of the dashboard report, for approval by product owner before work begins.* ""Recent Weather"" - estimated viewers of spam today, this week, this month, this quarter, vs same previous period* ""Details"" - last 90 days of spam, how long it was displayed, estimated viewers* Estimated viewers is based on GA daily page views after 48 hours, ""2"" before 48 hours* Regenerated 4 times a day* Private to staff",Back
129529,MDN Durable Team,Research and summarize current thinking on spam and Google rankings,,Product Owner
129529,MDN Durable Team,Identify potential vendors for outsourcing spam handling,,Content
129529,MDN Durable Team,"Contact potential vendors for outsourcing spam handling, inform them with our problem and get quote","**Company**     | **Contact**                                        | **Progress**--------------- | -------------------------------------------------- | ------------eModeration     | Ashley Cooksley<br>ashley@emoderation.com          | [Meeting done](https://drive.google.com/a/mozilla.com/file/d/0Bx5pvTDLviw1dkJBUW44eDBwVlE/view?usp=sharing), [Got formal answer](https://drive.google.com/open?id=0Bx5pvTDLviw1emhEYnlHZ085aXc)Crisp Thinking  | Jonny McCarron<br>jonny.mccarron@crispthinking.com | [Meeting done](https://drive.google.com/open?id=0Bx5pvTDLviw1OS1VTWlCSWk4OUk), waiting formal answerTaskUs          | Martin Ayala<br>martin.ayala@taskus.com            | [Meeting done](https://drive.google.com/open?id=0Bx5pvTDLviw1NlcxNHBINWNOTFk), waiting formal answerOpen Access BPO | Ben Davidowitz<br>ben@openaccessmarketing.com      | [Meeting done](https://drive.google.com/open?id=0Bx5pvTDLviw1akJVaGd2UHVUc1E), [Got formal answer](https://drive.google.com/a/mozilla.com/folderview?id=0Bx5pvTDLviw1bUN2MUllTlRHN3c&usp=sharing)ICUC.SOCIAL     | Dominic Sparkes<br>dominic.sparkes@icuc.social     | [Meeting done](https://drive.google.com/open?id=0Bx5pvTDLviw1ekRYal9JSWxvVzQ), [Got formal answer](https://drive.google.com/open?id=0Bx5pvTDLviw1RTUzQWduMHd6aVU)Conectys        | Andrei Daniliuc<br>andrei.daniliuc@conectys.com    | [Meeting done](https://drive.google.com/open?id=0Bx5pvTDLviw1UjBybk84YkFiQUU), Decline offer (too small business)Idixit          | Olivier Hétru<br>ohetru@idixit.com                 | [Meeting done](https://drive.google.com/open?id=0Bx5pvTDLviw1RkRKQTk0SC1fTk0), [Got formal answer](https://drive.google.com/open?id=0Bx5pvTDLviw1R0s4djRMSzczYmc)Good People Collective | Joi Podgorny<br>joipodgorny@gmail.com | Meeting done, [Got formal answer](https://drive.google.com/a/mozilla.com/file/d/0Bx5pvTDLviw1akREYUFoNDFlQTA/view?usp=sharing)See the [Decision Matrix](https://docs.google.com/a/mozilla.com/spreadsheets/d/1-xqnZ5Po3urEbOwtUGjw9rzA8Q1bg-T9q9IQaY3Alg8/edit?usp=sharing) for details about their answers (**WIP**)",Content
129529,MDN Durable Team,Create prototype spam admin report with MDN data (version 1-4),"* Gather spam data from MDN database* Bucket data into time periods* Create derived statistics* Package into JSON* Display data at /dashboards/spamThe goal is to gather and display the data, not an attractive display",Back
129529,MDN Durable Team,Gather volumetric data about community content work,"We need to have a clear vision of how much work the community has produced over the past years (a focus on 2015 and Q1 2016 is the minimum to get). The variation of the following metrics over the year is expected (not a finite list, suggestion welcome):* Number of contributors* Number of editions* Number of page initially created by contributors> **NOTE:** _""contributors"" exclude pay staff and, if possible, contractors_It would also be interesting to know:* Change in number of pay staff members over the years* Contractor budget per year + volume of work done by contractors (number of articles created / number of edits) <br>_This requires to have a list of our contractors for the past years_---Data available so far (per month as the daily vision tend to be quite blurry):- Number of new user - Number of active user- Number of revisions- Page creation, redirection and deletion- User life time, time between account creation and first edit and account never activatedNeeded refining: Breakdown data per locales and per area of MDNBonus point: revision per user (aka top contributors list attempt) but it's a bit crude and needs refining.See the experimental [dashboard](https://drive.google.com/open?id=1GR9nO02gw0bm6e-M9WAefqlIEdwpOIK3CS-aWuGXfxE) of those data (_Does not necessarily contain final data that will be used for building the narratives_)---Useful definition:- ** Active user **: A user who created at least one revision- ** Staff **: Current writing team and contractor writer. <br>**Note:** _Because it is hardly possible to identify staff prior 2013, data that will take care of staff people will only start in 2013_",Content
129529,MDN Durable Team,"Set up a report about: ""Community work commitement for MDN""","This task expects to use data gather by task #88 to create [a human readable report](https://drive.google.com/open?id=1_RYq2OX6STvvZ3Wrl6OpB8pkGsXAjbxzUxO5I7qNvTM) of the conclusion we can make about the community commitment to MDN.The expected audience for this report is, in order:1. [MDN Stackholders](https://docs.google.com/document/d/1aztbLENe9zym01sedL3zKN0rdDKQXYxczdoS3c0cAJo/edit#heading=h.77106sssug6i)2. Mozilla's VPs3. Mozilla staff4. Mozilla community",Content
129529,MDN Durable Team,[35/35] Jean-Yves's accepted DDN tasks,"Accepted in previous sprints===============|Status|Link|Description||------|----|-----------||DONE  |[Bug 1075457](http://bugzil.la/1075457)|Implement basic shapes clip-path clipping for HTML elements||DONE  |[Bug 743198](http://bugzil.la/743198)|Unprefix the DOM fullscreen API||DONE  |[Bug 1263273](http://bugzil.la/1263273)|Problem with urls in polish doc||DONE  |[Bug 1203668](http://bugzil.la/1203668)|Changing the value of a select to a value that matches none of the options should put it in a ""no option selected"" state even when it's a combobox (size=1)||DONE   |[Bug 1110460](http://bugzil.la/1110460)|Support interpolate of clip-path basic shapes in CSS animations and transitions||DONE  |[Bug 645647](http://bugzil.la/645647)|list-style-position affects li width even if list-style-type is none||DONE  |[Bug 860857](http://bugzil.la/860857)|Support custom mimetypes via clipboardData for clipboard events||DONE  |[Bug 1266194](http://bugzil.la/1266194)|Implement boolean or EventListenerOptions as 3rd param to addEventListener||DONE  |[Bug 1178337](http://bugzil.la/1178337)|Valid referrer attribute values||DONE  |[Bug 1224186](http://bugzil.la/1224186)|Implement DOMTokenList's new replace() method||DONE  |[Bug 1268361](http://bugzil.la/1268361)|Strip leading '?' in `new URLSearchParams(query)`||DONE  |[Bug 1263630](http://bugzil.la/1263630)|Remove all plugins (except Flash) from the click-to-activate whitelist||DONE  |[Bug 1227906](http://bugzil.la/1227906)|HTML `pattern` attribute should set `u` flag for regular expressions||DONE (SebZ)|[Bug 1226455](http://bugzil.la/1226455)|ship support for <details> and <summary>||DONE (JMed)|[Bug 1257849](http://bugzil.la/1257849)|Implement DOMTokenList.supports() and supported tokens||DONE  |[Bug 859301](http://bugzil.la/859301)|Unprefix css4 :dir||DONE  |[Bug 1269712](http://bugzil.la/1269712)|A <track kind=invalid> should behave like metadata, not subtitles||DONE  |[Bug 1266000](http://bugzil.la/1266000)|Autosave attribute of input is not defined in HTML5 standard||DONE  |[Bug 1266544](http://bugzil.la/1266544)|user-select:auto not documented||DONE (DUP)|[Bug 1267563](http://bugzil.la/1267563)|page not found for https://developer.mozilla.org/en-US/docs/CSS/Inline_formatting_context|Accepted during sprint 2====================|Status|Link|Description||------|----|-----------||DONE|[Bug 1190641](http://bugzil.la/1190641)|Add attributes allow-popups-to-escape-sandbox and allow-modals to iframe sandbox||DONE|[Bug 1266066](http://bugzil.la/1266066)|Implement 'passive' member of AddEventListenerOptions||DONE|[Bug 1270451](http://bugzil.la/1270451)|A Blob URL object's origin property should not be ""null""||DONE|[Bug 1269157](http://bugzil.la/1269157)|Add ""Document.fullscreen"" as unprefixed version of Document.mozFullScreen||DONE|[Bug 1271971](http://bugzil.la/1271971)|mozFullScreenEnabled page seems out of date||DONE|[Bug 1272377](http://bugzil.la/1272377)|Document the MediaError interface on HTMLMediaElement.error||DONE|[Bug 1273825](http://bugzil.la/1273825)|Wrong ancor||DONE|[Bug 1273540](http://bugzil.la/1275340)|transition-property page formal syntax needs cleaning||DONE|[Bug 1177957](http://bugzil.la/1177957)|Provide a [SecureContext] WebIDL extended attribute for exposing APIs only in secure contexts||DONE|[Bug 909633](http://bugzil.la/909633)|Remove HTML Microdata API||DONE|[Bug 1270386](http://bugzil.la/1270386)|Move event handlers of fullscreen and pointerlock events from GlobalEventHandlers to Document||DONE (SebZ) |[Bug 548372](http://bugzil.la/548372)|Implement background-repeat: [space or round]||DONE (SebZ) |[Bug 1275966](http://bugzil.la/1275966)|background-repeat:space doesn't fit an image that fits exactly||DONE (SebZ) |[Bug 1274526](http://bugzil.la/1274526)|Support 'q' absolute length units from CSS3 values and units||DONE|[Bug 955857](http://bugzil.la/955857)|accept the overflow-wrap property|",Content
129529,MDN Durable Team,List potential KPI and their advantages/inconvenient,,Content
129529,MDN Durable Team,Bug 1271503 - Reformat user profile displays for absence of About Me section,,Product Owner
129529,MDN Durable Team,Written proposal for feature to ban users and repair the damage they did faster.,- Write proposal- Ask spam-admins questions that arise while doing so- Get technical feasibility review from John before promising anyone anything they can't have- Run it by Kadir to make sure I didn't miss anything obvious- Circulate to spam-admins for feedback.,Product Owner
129529,MDN Durable Team,Wireframes based on feature proposal.,,Product Owner
129529,MDN Durable Team,Sheppy’s accepted DDN tasks,"|Status|Link|Description||------|----|-----------||CLOSED|[Bug 1160368](http://bugzil.la/1160368)|Treat cookies set over non-secure HTTP as session cookies||DONE|[Bug 1260511](http://bugzil.la/1260511)|navigator.registerProtocolHandler throws a number as an exception, rather than an Error object||DONE|[Bug 1188539](http://bugzil.la/1188539)|Remove the deprecated TouchList::identifiedTouch method||DONE BY OTHER|[Bug 1267932](http://bugzil.la/1267932)|Update EventSource.webidl||CLOSED|[Bug 631218](http://bugzil.la/631218)|implement the HTML5 seamless attribute for the iframe element||DONE BY OTHER|[Bug 1162772](http://bugzil.la/1162772)|Implement Window.isSecureContext||DONE|[Bug 1161019](http://bugzil.la/1161019)|RTCPeerConnection constructor doesn't fail with empty iceServers list.||DONE BY OTHER|[Bug 1270387](http://bugzil.la/1270387)|Disable Node.rootNode in release builds due to web compatibility issues||DONE|[Bug 802326](http://bugzil.la/802326)|If video and audio is requested in gUM, but one of them fails, we should align with the spec||DONE|[Bug 1257950](http://bugzil.la/1257950)|getUserMedia spec switched from SecurityError (for permission denied) to NotAllowedError.||DONE|[Bug 1267942](http://bugzil.la/1267942)|Note that DataTransfer.clearData can't be called from drop handler||CLOSED|[Bug 1271919](http://bugzil.la/1271919)|addon of xulschool is 404||WONTFIX|[Bug 1272192](http://bugzil.la/1272192)|Bug on this page, should offer Thunderbird as an option **Asked if there’s a particular reason this can be justified under the circumstances awaiting reply**|| DONE |[Bug 1272987](http://bugzil.la/1272987)|Wrong wording in Element.querySelector|| DONE |[Bug 1273880](http://bugzil.la/1273880)|milliseconds since 1 January 1970 00:00:00 UTC is not Unix Epoch|| DUP |[Bug 1274248](http://bugzil.la/1274248)| Search doesn't find any related content || DONE |[Bug 1258405](http://bugzil.la/1258405)|Ensure that RTCConfiguration document is complete and up-to-date|| DONE |[Bug 1275618](http://bugzil.la/1275618)|Japanese or Chinese text on an English language page|| DONE |[Bug 1178091](http://bugzil.la/1178091)|Implement RTCDataChannel.bufferedamountlow stuff|| DONE |[Bug 1277013](http://bugzil.la/1277013)|The HTML5 page of the HTML developer guide has an error|| DONE |[Bug 1281721](https://bugzil.la/1281721)|Element.getBoundingClientRect description is wrong|| DONE |[Bug 1278730](https://bugzil.la/1278730)|templates gecko_minversion_inline and fx_minversion_inline show no contents|| DONE |[Bug 1281150](https://bugzil.la/1281150)|Remove obsolete RTCDataChannel.stream property|| DUP  |[Bug 1280161](https://bugzil.la/1280161)|Error in the mercurial-setup process|| DONE |[Bug 1282471](https://bugzil.la/1282471)|Stray space in method name breaks a link on specific page|| DONE |[Bug 1286078](https://bugzil.la/1286078)|JavasScript guide: splice() info incomplete|| DONE |[Bug 1289586](https://bugzil.la/1289586)|Out of date spec status for Subresource Integrity|",Content
129529,MDN Durable Team,Review articles about 'Basic tutorial about 3D',,Content
129529,MDN Durable Team,Security Bug 1272791,"Implement, merge and ship fix for [security bug 1272791](https://bugzilla.mozilla.org/show_bug.cgi?id=1272791)",Back
129529,MDN Durable Team,Remove social sharing,,Product Owner
129529,MDN Durable Team,Stakeholder identification,"During sprint 1, this document was produced: https://docs.google.com/document/d/1aztbLENe9zym01sedL3zKN0rdDKQXYxczdoS3c0cAJo/edit#heading=h.77106sssug6i",Back
129529,MDN Durable Team,Stakeholder analysis,,Back
129529,MDN Durable Team,Stakeholder planning,,Back
129529,MDN Durable Team,Document the datachannel event,,Content
129529,MDN Durable Team,Review and update the document for RTCDataChannel.close(),,Content
129529,MDN Durable Team,Develop a technical roadmap for Q3/Q4,"* Develop ambitious goals, next practical steps, and a roadmap for getting here from there.* Document the steps and the reasons* Review with development team* Present to MDN team and community",Back
129529,MDN Durable Team,Chris's accepted DDN tasks,"ddn bugs assigned to Chris|Status|Link|Description||------|----|-----------|||[Bug 1263521](https://bugzilla.mozilla.org/show_bug.cgi?id=1263521)|Browser Compatibility : Promise-based startRendering() will now work in safari , safari does not suppots this feature.|||[Bug 1261405](https://bugzilla.mozilla.org/show_bug.cgi?id=1261405)|PushPermissionDescriptor in Permissions.webidl is wrong|||[Bug 1264889](https://bugzilla.mozilla.org/show_bug.cgi?id=1264889)|pushManager.subscribe() does not resolve with subscriptionId|||[Bug 1265431](https://bugzilla.mozilla.org/show_bug.cgi?id=1265431)|better requestAnimationFrame callback timestamp clarification|||[Bug 1267942](https://bugzilla.mozilla.org/show_bug.cgi?id=1267942)|Note that DataTransfer.clearData can't be called from drop handler|||[Bug 1267598](https://bugzilla.mozilla.org/show_bug.cgi?id=1267598)|Math inconsistency on the definition of linear independency, and other doc inconsistencies in Web Audio.|||[Bug 908424](https://bugzilla.mozilla.org/show_bug.cgi?id=908424)|DeviceStorage documentation errors|||[Bug 1268749](https://bugzilla.mozilla.org/show_bug.cgi?id=1268749)|Add a pref to disable unprefixed Fullscreen API||DONE|[Bug 550426](https://bugzilla.mozilla.org/show_bug.cgi?id=550426)|Add background-position-x and background-position-y (to make it easier to change one without the other)|||[Bug 1265405](https://bugzilla.mozilla.org/show_bug.cgi?id=1265405)|Use a dictionary to specify how PeriodicWave should be normalized (or not)|||[Bug 911477](https://bugzilla.mozilla.org/show_bug.cgi?id=911477)|Implement DOM4 methods: prepend(), append(), before(), after() and replaceWith()|||[Bug 1265941](https://bugzilla.mozilla.org/show_bug.cgi?id=1265941)|Rename ReferrerPolicy ""origin-only"" attribute to ""origin""|||[Bug 1268460](https://bugzilla.mozilla.org/show_bug.cgi?id=1268460)|Errors when deleting an IndexedDB database are not handled|||[Bug 1096776](https://bugzilla.mozilla.org/show_bug.cgi?id=1096776)|Support Animations without a timeline or with an inactive timeline|||[Bug 1274983](https://bugzilla.mozilla.org/show_bug.cgi?id=1274983)|Document Web Animations APIs|||[Bug 1273290](https://bugzilla.mozilla.org/show_bug.cgi?id=1273290)|Incorrect Usage Example of IDBTransaction|",Content
129529,MDN Durable Team,Jeremie's accepted DDN tasks,Accepted this sprint====================|Status|Link|Description||------|----|-----------||DONE|[Bug 1260032](http://bugzil.la/1260032)|drop support for altGlyph|,Content
129529,MDN Durable Team,Document browser_style,,Front
129529,MDN Durable Team,Write a Hacks blog post about the feature,,Content
129529,MDN Durable Team,Land a patch in Nightly to link to new JS error docs,,Content
129529,MDN Durable Team,Prepare deck to present KPI proposal to the team,WIP: deck: https://docs.google.com/presentation/d/1K7VqTmxErzV6w8Ws9IGn-nniQe-INHNXlkl-iFe93g4/edit#slide=id.g12f35cc574_1_16,Content
129529,MDN Durable Team,"Collect and add info for features that will appear on the ""Firefox 49 for devs"" page","Make sure this page is updated and complete with information regarding the release of Firefox 49https://developer.mozilla.org/en-US/Firefox/Releases/49Post the Firefox 49 for developers doc to:- dev-platform- dev.mdc- release-management (marcia, sylvestre)- content coordinaton meetingAddress feedback if necessary.",Content
129529,MDN Durable Team,Create a survey for measuring task completions,Current status of survey: https://collect.iperceptions.com/?rn=124982&lid=1&m=preview&vm=1&referrer=http://ips-portal.iperceptions.com/setupSurveyInfo.aspx&hr=346&hl=314&hc=512&hc2=512,Back
129529,MDN Durable Team,Fix security issue related to .git directory on mdn-samples.mozilla.org,"A relatively low-risk security issue was filed last week: https://bugzilla.mozilla.org/show_bug.cgi?id=1275883As the maintainer of the MDN sample server, I was tasked with fixing the issue. It was not a complicated fix, for the most part, but did take some research. The last comment in the bug summarizes what I had to do in order to fix the problem.The bug is locked since it's a security issue if you want to look at it, let me know and I can cc you on it.",Content
129529,MDN Durable Team,[DevTools 49] [15/15] DevTools related DDN bugs for Firefox 49,"DevTools 49 bugs that are marked as ""dev-doc-needed"" and for which we need to update or write docs:|Assignee|Status|Link|Description||--------|------|----|-----------||SebastianZ|DONE|~~[Bug 1205123](https://bugzil.la/1205123)~~|~~Add ""Remove indexedDB  database"" context menu entry to storage inspector~~||Chris Mills|DONE|~~[Bug 1273184](https://bugzil.la/1273184)~~|~~Don't allow reloading on about:debugging for unsupported add-ons~~||Chris Mills|DONE|~~[Bug 1254408](https://bugzil.la/1254408)~~|~~Expose animation performance information in DevTools~~||Chris Mills|DONE|~~[Bug 1134073](https://bugzil.la/1134073)~~| ~~Show cause of a network request in netmonitor~~||Chris Mills|DONE|~~[Bug 1211613](https://bugzil.la/1211613)~~|~~Reorganize the inspector context menu~~||Chris Mills|DONE|~~[Bug 1268460](https://bugzil.la/1268460)~~|~~Errors when deleting an IndexedDB database are not handled~~||Chris Mills|DONE|~~[Bug 1266415](https://bugzil.la/1266415)~~|~~about:debugging should display a warning if service workers are disabled~~||@floscholz|DONE|~~[Bug 1179876](https://bugzil.la/1179876)~~|~~Add links to an ""MDN error reference"" from console errors~~||Chris Mills|NOT DDN removed keyword|~~[Bug 1259834](https://bugzil.la/1259834)~~|~~Create a basic HTML Tooltip API~~||SebastianZ|DONE|~~[Bug 909633](https://bugzil.la/909633)~~|~~Provide exact log of HTTP headers for Firebug/LiveHttpHeaders and XHR getResponseHeader~~||Chris Mills|DONE|~~[Bug 1271988](https://bugzil.la/1271988)~~|~~Convert computed and rule views to keyboard shortcut module~~||Chris Mills|DONE|~~[Bug 1266128](https://bugzil.la/1266128)~~|~~Show tabs in about:debugging~~||Chris Mills|DONE|~~[Bug 1253018](https://bugzil.la/1253018)~~|~~Rename ""Disable Cache"" option to ""Disable HTTP Cache""~~||SebastianZ|DONE|~~[Bug 1018721](https://bugzil.la/1018721)~~|~~What is a ""fullpage""?~~||Chris Mills|DONE|~~[Bug 1248988](https://bugzil.la/1248988)~~|~~User-facing terminology for memory tool~~|",Content
129529,MDN Durable Team,[DOM 49] [34/34] DOM related DDN bugs for Firefox 49,"DOM 49 bugs that are marked as ""dev-doc-needed"" and for which we need to update or write docs:|Assignee|Status|Link|Description||--------|------|----|-----------||@teoli          |    DONE|~~[Bug 1267932](https://bugzil.la/1267932)~~|~~Update EventSource.webidl~~||@teoli          |    DONE|~~[Bug 1178337](http://bugzil.la/1178337)~~|~~Valid referrer attribute values~~||@teoli          |    DONE|~~[Bug 1224186](https://bugzil.la/1224186)~~|~~Implement DOMTokenList's new replace() method~~||@teoli          |    DONE|~~[Bug 1268361](https://bugzil.la/1268361)~~|~~Strip leading '?' in new URLSearchParams(query)~~||@teoli          |    DONE|~~[Bug 1268749](https://bugzil.la/1268749)~~|~~Add a pref to disable unprefixed Fullscreen API~~||@sheppy         |    DONE|~~[Bug 1243792](https://bugzil.la/1243792)~~|~~add fetch Response.redirected and additional security restrictions~~||@teoli          |    DONE|~~[Bug 1270387](https://bugzil.la/1270387)~~|~~Disable Node.rootNode in release builds due to web compatibility issues~~||@teoli          |    DONE|~~[Bug 1270451](https://bugzil.la/1270451)~~|~~A Blob URL object's origin property should not be ""null""~~||@sheppy         |    DONE|~~[Bug 1257887](https://bugzil.la/1257887)~~|~~Consider changing the default for whether a window opened through window.open() to be scrollable~~||@chrisdavidmills|DONE|~~[Bug 1096776](https://bugzil.la/1096776)~~|~~Support Animations without a timeline or with an inactive timeline~~||@floscholz         |DONE|~~[Bug 911477](https://bugzil.la/911477)~~|~~Implement DOM4 methods: prepend(), append(), before(), after() and replaceWith()~~||@teoli          |    DONE|~~[Bug 1266194](https://bugzil.la/1266194)~~|~~Implement boolean or EventListenerOptions as 3rd param to addEventListener~~||@teoli          |    DONE|~~[Bug 1266066](https://bugzil.la/1266066)~~|~~Implement 'passive' member of AddEventListenerOptions~~||@sheppy         |    DONE|~~[Bug 1268852](https://bugzil.la/1268852)~~|~~Spec change: Remove <label form> and redefine label.form IDL attribute~~||@chrisdavidmills|DONE |~~[Bug 1266821](https://bugzil.la/1266821)~~|~~Remove PushPermissionDescriptor from the Permissions API~~||@teoli          |    DONE|~~[Bug 1265279](https://bugzil.la/1265279)~~|~~Web Manifest: Implement window.oninstall~~||@teoli          |    DONE|~~[Bug 1271487](https://bugzil.la/1271487)~~|~~Enable Performance Observer in nightly by default~~||@teoli          |    DONE|~~[Bug 1271846](https://bugzil.la/1271846)~~|~~Drop old FrameTiming interface added in bug 1191178~~||@teoli          |    DONE|~~[Bug 1048291](https://bugzil.la/1048291)~~|~~Remove/Deprecate File::lastModifiedDate~~||@teoli          |    DONE|~~[Bug 1069772](https://bugzil.la/1069772)~~|~~In prerendering, document.visibilityState should returns ""prerender"".~~||@teoli          |    DONE|~~[Bug 1268798](https://bugzil.la/1268798)~~|~~Give fullscreenElement and fullscreenEnabled attributes a dummy setter rather than making them readonly~~||@sheppy         |    DONE|~~[Bug 1232919](https://bugzil.la/1232919)~~|~~[UI Events] Reorganize KeyNameList.h and add new key names which was added to the latest draft~~||@sheppy         |    DONE|~~[Bug 1272592](https://bugzil.la/1272592)~~|~~[UI Events-key] Drop ""MediaSelect"" key value and use ""LaunchMediaPlayer"" instead~~||@sheppy         |    DONE|~~[Bug 1118028](https://bugzil.la/1118028)~~|~~Allow objectStores and indexes to be renamed~~||@sheppy         |    DONE|~~[Bug 1272578](https://bugzil.la/1272578)~~|~~[UI Events-key] Rename VolumeDown, VolumeUp and VolumeMute to AudioVolumeDown, AudioVolumeUp and AudioVolumeMute~~||jpmedley        |    DONE|~~[Bug 1257849](https://bugzil.la/1257849)~~|~~Implement DOMTokenList.supports() and supported tokens~~||@teoli          |    DONE|~~[Bug 1269712](https://bugzil.la/1269712)~~|~~A <track kind=invalid> should behave like metadata, not subtitles~~||@chrisdavidmills|    DONE|~~[Bug 1261009](https://bugzil.la/1261009)~~|~~Remove the Data Store API~~||@teoli          |    DONE|~~[Bug 1190641](https://bugzil.la/1190641)~~|~~Add attributes allow-popups-to-escape-sandbox and allow-modals to iframe sandbox~~||@teoli          |    DONE|~~[Bug 909633](https://bugzil.la/909633)~~|~~Remove HTML Microdata API~~||@teoli          |    DONE|~~[Bug 1269157](https://bugzil.la/1269157)~~|~~Add ""Document.fullscreen"" as unprefixed version of Document.mozFullScreen~~||@teoli          |    DONE|~~[Bug 1270386](https://bugzil.la/1270386)~~|~~Move event handlers of fullscreen and pointerlock events from GlobalEventHandlers to Document~~||@sheppy         |    DONE|~~[Bug 1188539](https://bugzil.la/1188539)~~|~~Remove the deprecated TouchList::identifiedTouch method~~||@sheppy         |    DONE|~~[Bug 1272599](https://bugzil.la/1272599)~~| ~~[UI Events-key] Rename ""MozHomeScreen"", ""MozCameraFocusAdjust"" and ""MozPhoneCall"" key values to ""GoHome"", ""CameraFocus"" and ""Call""~~|",Content
129529,MDN Durable Team,[Media 49] [8/8] Media/RTC/Audio/Video related DDN bugs for Firefox 49,"Media 49 bugs that are marked as ""dev-doc-needed"" and for which we need to update or write docs:|Assignee|Status|Link|Description||--------|------|----|-----------||@sheppy         |    DONE|~~[Bug 1208390](https://bugzil.la/1208390)~~|~~Implement MediaStream.getTrackById()~~||@chrisdavidmills|DONE|~~[Bug 1265405](https://bugzil.la/1265405)~~|~~Use a dictionary to specify how PeriodicWave should be normalized (or not)~~||@sheppy         |   DONE |~~[Bug 802326](https://bugzil.la/802326)~~|~~If video and audio is requested in gUM, but one of them fails, we should align with the spec~~||@sheppy         |    DONE|~~[Bug 1271669](https://bugzil.la/1271669)~~|~~Allow any MediaStream to be passed to RTCPeerConnection.addTrack~~||@sheppy         |    DONE|~~[Bug 1257950](https://bugzil.la/1257950)~~|~~getUserMedia spec switched from SecurityError (for permission denied) to NotAllowedError.~~||@sheppy         |    DONE|~~[Bug 1235301](https://bugzil.la/1235301)~~|~~[FoxEye] Introduce the non-realtime video source to the web platform. [HTMLMediaElement::seekToNextFrame()]~~||@teoli          |    DONE|~~[Bug 1274520](https://bugzil.la/1274520)~~|~~videocontrols seems to listen events in default group when it probably should use system group~~||@chrisdavidmills|NEEDS SEPARATE USER STORY|[Bug 1276129](https://bugzil.la/1276129)|[webvtt] Use PositionAlignSetting type for VTTCue's positionAlign (I've added a description in the [release notes](https://developer.mozilla.org/en-US/Firefox/Releases/49#Others), but WebVTT needs documenting.)||@chrisdavidmills|DONE|~~[Bug 1268633](https://bugzil.la/1268633)~~|~~Enable synth API outside of desktop Nightly~~|",Content
129529,MDN Durable Team,Update DocTracker to have timestamp,"In the DocTracker, when we group by topic to create US/task, we loose the newest ddn list as it is spread out in the whole document.By adding a timestamp column, populated by the script, we can go back to the previous view without dataloss",Content
129529,MDN Durable Team,[CSS 49] [21/21] CSS/Layout/Canvas/Gfx related DDN bugs for Firefox 49,"CSS/Layout/Canvas/Gfx Firefox 49 bugs that are marked as ""dev-doc-needed"" and for which we need to update or write docs:|Assignee|Status|Link|Description||--------|------|----|-----------||@teoli     |    DONE|~~[Bug 955857](https://bugzil.la/955857)~~|~~accept the overflow-wrap property~~||@teoli     |    DONE|~~[Bug 1266268](https://bugzil.la/1266268)~~|~~[css-grid] Implement <percentage> for grid gap properties~~||@teoli     |    DONE|~~[Bug 1258626](https://bugzil.la/1258626)~~|~~Implement mask-repeat: [space  round]~~||@teoli     |    DONE|~~[Bug 1228280](https://bugzil.la/1228280)~~|~~(mask-image) Support multiple SVG mask elements as mask images~~||@teoli     |    DONE|~~[Bug 1229609](https://bugzil.la/1229609)~~|~~Remove layout.css.text-emphasis.enabled pref~~||@teoli     |    DONE|~~[Bug 1039541](https://bugzil.la/1039541)~~|~~Unprefix -moz-text-align-last~~||@teoli     |    DONE|~~[Bug 1264905](https://bugzil.la/1264905)~~|~~Let layout.css.background-clip-text.enabled ride the trains~~||sebastianZ |DONE|~~[Bug 1275957](https://bugzil.la/1275957)~~|~~background-repeat: space doesn't work with gradients~~||@teoli     |   DONE|~~[Bug 1258286](https://bugzil.la/1258286)~~|~~initial value for mask-origin property should be border-box, not padding-box~~||@floscholz |   DONE|~~[Bug 1173545](https://bugzil.la/1173545)~~|~~Enable canvas CSS/SVG filters by default~~||@teoli     |   DONE|~~[Bug 1110460](https://bugzil.la/1110460)~~|~~Support interpolate of clip-path basic shapes in CSS animations and transitions~~||@floscholz |   DONE|~~[Bug 1129332](https://bugzil.la/1129332)~~|~~WebGL 2 extension EXT_color_buffer_float may be implemented~~||@floscholz |   DONE|~~[Bug 1271478](https://bugzil.la/1271478)~~|~~Implement webglcontextcreationerror~~||@teoli     |   DONE|~~[Bug 859301](https://bugzil.la/859301)~~|~~Unprefix css4 :dir~~||@teoli     |   DONE|~~[Bug 1226455](https://bugzil.la/1226455)~~|~~ship support for <details> and <summary>~~||DBaron     |   DONE|~~[Bug 550426](https://bugzil.la/550426)~~|~~Add background-position-x and background-position-y (to make it easier to change one without the other)~~||@jeremiepat|   DONE|~~[Bug 1260032](https://bugzil.la/1260032)~~|~~drop support for altGlyph~~||@chrismills|   DONE|~~[Bug 567283](https://bugzil.la/567283)~~|~~Add support for 4 and 8 CSS hexcolor values  (#RRGGBBAA and #RGBA)~~||@teoli     |   DONE|~~[Bug 548372](https://bugzil.la/548372)~~|~~Implement background-repeat: [space ^ round]~~||SebastianZ |   DONE|~~[Bug 1275966](https://bugzil.la/1275966)~~|~~background-repeat:space doesn't fit an image that fits exactly~~||SebastianZ |   DONE|~~[Bug 1274526](https://bugzil.la/1274526)~~|~~Support 'q' absolute length units from CSS3 values and units~~|",Content
129529,MDN Durable Team,[JS 49] [7/7] ECMAScript/JS related DDN bugs for Firefox 49,"ECMAScript/JavaScript Firefox 49 bugs that are marked as ""dev-doc-needed"" and for which we need to update or write docs:|Assignee|Status|Link|Description||--------|------|----|-----------||@floscholz|DONE|~~[Bug 1265136](https://bugzil.la/1265136)~~|~~new Date(<mm/dd/yy>) behaves differently in Firefox vs Chrome/Safari~~||@floscholz|DONE|~~[Bug 1275240](https://bugzil.la/1275240)~~|~~Redeclaration of formal parameter with lexical binding should be SyntaxError~~||@floscholz|DONE|~~[Bug 1260858](https://bugzil.la/1260858)~~|~~Update the DateTimeFormat.prototype.formatToParts to the final spec~~||@floscholz|DONE|~~[Bug 1262062](https://bugzil.la/1262062)~~|~~Remove futexWait and futexWake aliases after FF48 branches~~||@floscholz|DONE|~~[Bug 1108382](https://bugzil.la/1108382)~~|~~Remove non-standard flag argument from String.prototype.{search,match,replace}~~||@floscholz|DONE|~~[Bug 888969](https://bugzil.la/888969)~~|~~Implement ES6 Proxy traps for getPrototypeOf and setPrototypeOf~~||@floscholz|DONE|~~[Bug 1271736](https://bugzil.la/1271736)~~|~~Remove SharedArrayBuffer.isView~~|",Content
129529,MDN Durable Team,[Misc 49] [7/7] Miscellaneous DDN bugs for Firefox 49,"Miscellaneous Firefox 49 bugs that are marked as ""dev-doc-needed"" and for which we need to update or write docs:|Assignee|Status|Link|Description||--------|------|----|-----------||@floscholz|DONE|~~[Bug 1251332](https://bugzil.la/1251332)~~|~~PAC: functions for time based conditions don't support date/day/time ""wrapping""~~||@floscholz|DONE|~~[Bug 1267474](https://bugzil.la/1267474)~~|~~Cache-Control: immutable~~||@floscholz|DONE|~~[Bug 1162772](https://bugzil.la/1162772)~~|~~Implement Window.isSecureContext~~||yoshino   |DONE|~~[Bug 1269055](https://bugzil.la/1269055)~~|~~RFE - auto retry failed POST~~||SebastianZ|DONE|~~[Bug 1190641](https://bugzil.la/1190641)~~|~~Do nsHttpRequestHead::VisitHeaders outside lock~~||SebastianZ|DONE|~~[Bug 507571](https://bugzil.la/507571)~~|~~crash [@ PL_strncasecmp - LocateHttpStart - nsHttpTransaction::ParseHead] lock response headers~~||@teoli    |DONE|~~[Bug 1177957](https://bugzil.la/1177957)~~|~~Provide a [SecureContext] WebIDL extended attribute for exposing APIs only in secure contexts~~|",Content
129529,MDN Durable Team,[EXT 49] [5/5] WebExtensions/Add-ons related DDN bugs for Firefox 49,"WebExtension/Add-ons Firefox 49 bugs that are marked as ""dev-doc-needed"" and for which we need to update or write docs:|Assignee|Status|Link|Description||--------|------|----|-----------||@sheppy |    DONE|[Bug 1247455](https://bugzil.la/1247455)|Add a .removeCSS method to complement .insertCSS||@sheppy |DONE|[Bug 1265837](https://bugzil.la/1265837)|Implement browser.history.deleteUrl||@sheppy |    DONE|[Bug 1265834](https://bugzil.la/1265834)|Implement browser.history.search||@sheppy |DONE|[Bug 1265842](https://bugzil.la/1265842)|Implement browser.history.deleteAll and deleteRange||@sheppy |DONE|[Bug 1280482](https://bugzil.la/1280482)|Give content scripts access to export helpers|",Front
129529,MDN Durable Team,"Collect and add info for features that will appear on the ""Firefox 50 for devs"" page",Make sure this page is updated and complete with information regarding the release of Firefox 50https://developer.mozilla.org/en-US/Firefox/Releases/50,Content
129529,MDN Durable Team,[DevTools 50] [6/6] DevTools related DDN bugs for Firefox 50,"DevTools 50 bugs that are marked as ""dev-doc-needed"" and for which we need to update or write docs:|Assignee|Status|Link|Description||--------|------|----|-----------||Chris Mills|DONE|~~[Bug 1134073](https://bugzil.la/1134073)~~|~~Show cause of a network request in netmonitor~~|| |DONE|[Bug 1277501](https://bugzil.la/1277501)|Convert markupview breadcrumbs to keyboard shortcut module|| |DONE|[Bug 1280121](https://bugzil.la/1280121)|Re-enable the Font Panel|| |DONE|[Bug 1247729](https://bugzil.la/1247729)|Move the box model panel into the computed styles panel|| |DONE|[Bug 670002](https://bugzil.la/670002)|Use source maps in the web console|| |DONE|[Bug 1281732](https://bugzil.la/1281732)|Show network request JS stack traces in HTTP log message in Console|",Front
129529,MDN Durable Team,[JS 50] [3/3] ECMAScript/JS related DDN bugs for Firefox 50,"ECMAScript/JavaScript Firefox 50 bugs that are marked as ""dev-doc-needed"" and for which we need to update or write docs:|Assignee|Status|Link|Description||--------|------|----|-----------||@floscholz|DONE|~~[Bug 1054906](https://bugzil.la/1054906)~~|~~Implement ES6 Symbol.hasInstance~~||@floscholz|DONE|~~[Bug 1245024](https://bugzil.la/1245024)~~|~~[es7] implement Object.getOwnPropertyDescriptors() proposal~~||@floscholz|DONE|~~[Bug 1281739](https://bugzil.la/1281739)~~|~~Match updated spec for `/\w/iu` and `/\W/iu`~~|",Content
129529,MDN Durable Team,[Media 50] [11/11] Media/RTC/Audio/Video related DDN bugs for Firefox 50,"Note: The counter above is counting the AudioNode.disconnect() changes as DONE, even though it's done *except* for adding Firefox compat details, since the change was backed out. So it's listed as DONE-ISH below. But since the work is nearly done, I consider it done in the counter.Media Firefox 50 bugs that are marked as ""dev-doc-needed"" and for which we need to update or write docs:|Assignee|Status|Link|Description||--------|------|----|-----------||@sheppy |    DONE|~~[Bug 1265408](https://bugzil.la/1265408)~~|~~Implement IIRFilterNode~~||@sheppy |    DONE|~~[Bug 1208328](https://bugzil.la/1208328)~~|~~Implement addtrack event for MediaStream~~||@sheppy |    DONE|~~[Bug 1208373](https://bugzil.la/1208373)~~|~~Implement MediaStreamTrack.readyState/onended~~||@sheppy |    DONE|~~[Bug 1276272](https://bugzil.la/1276272)~~|~~Make HTMLMediaElement::SeekToNextFrame() return a Promise<void>.~~||@sheppy |    DONE|~~[Bug 1276130](https://bugzil.la/1276130)~~|~~[webvtt] Correct the enum value for VTTCue's AlignSetting~~||@sheppy |    DONE|~~[Bug 934512](https://bugzil.la/934512)~~|~~MediaStreamAudioSourceNode cycle collection happening too soon with getUserMedia (e.g. on http://greweb.me/zpeech/)~~||@sheppy |    DONE|~~[Bug 1265394](https://bugzil.la/1265394)~~|~~Implement AudioParam cartesian coordinates for PannerNode~~||@sheppy |    DONE|~~[Bug 871747](https://bugzil.la/871747)~~|~~[webvtt] should HTMLTrackElement load resources outside a document?~~||@sheppy |    DONE|~~[Bug 1213517](https://bugzil.la/1213517)~~|~~Implement MediaStreamTrack.getConstraints() + getSettings()~~||@sheppy |DONE-ISH|[Bug 1130010](https://bugzil.la/1130010)|Implement the new AudioNode.disconnect methods (doc changes are done but this will not be re-landed for Firefox 50 more likely 52 at this point)||@sheppy |    DONE|~~[Bug 1281418](https://bugzil.la/1281418)~~|~~[webvtt] Implement HTMLTrackElement src attribute.~~|",Content
129529,MDN Durable Team,"Review usage of analytics on the whole site, with an external partner and identify problems.",MDN GA additions:https://docs.google.com/presentation/d/1qVTONKse_KPJNMBjd4Zs9LIKsYTQi7fN2gpwIkq6NiY/edit?ts=577fbf73#slide=id.g15088a62f2_1_0,Back
129529,MDN Durable Team,Deploy survey on MDN,Here's the bug with more details: https://bugzilla.mozilla.org/show_bug.cgi?id=1286541,Product Owner
129529,MDN Durable Team,Define the information that is needed on an API Overview page,Existing sections:SidebarShort definition / summary blockBasic conceptsUse casesInterface listMeth/prop overviewLarge/short exampleTutorials listSpec listCompat infoExternal links,Content
129529,MDN Durable Team,Prepare report and share it with the team,,Content
129529,MDN Durable Team,List all specifications related to HTTP (wide shot),"# List of specs related to HTTP/HTTPS|Link|Title|Status||------|----|-----||[RFC 7230](https://tools.ietf.org/html/rfc7230)|**Hypertext Transfer Protocol (HTTP/1.1): Message Syntax and Routing**|Proposed Standard||[RFC 7231](https://tools.ietf.org/html/rfc7231)|**Hypertext Transfer Protocol (HTTP/1.1): Semantics and Content**|Proposed Standard||[RFC 7232](https://tools.ietf.org/html/rfc7232)|**Hypertext Transfer Protocol (HTTP/1.1): Conditional Requests**|Proposed Standard||[RFC 7233](https://tools.ietf.org/html/rfc7233)|**Hypertext Transfer Protocol (HTTP/1.1): Range Requests**|Proposed Standard||[RFC 7234](https://tools.ietf.org/html/rfc7234)|**Hypertext Transfer Protocol (HTTP/1.1): Caching**|Proposed Standard||[RFC 5861](https://tools.ietf.org/html/rfc5861)|**HTTP Cache-Control Extensions for Stale Content**|Informational||[RFC 7235](https://tools.ietf.org/html/rfc7235)|**Hypertext Transfer Protocol (HTTP/1.1): Authentication**|Proposed Standard||[RFC 6265](https://tools.ietf.org/html/rfc6265)|**HTTP State Management Mechanism** *(Cookies)*|Proposed Standard||[RFC 6585](https://tools.ietf.org/html/rfc6585)|**Additional HTTP Status Codes**|Proposed Standard||[RFC 7538](https://tools.ietf.org/html/rfc7538)|**The Hypertext Transfer Protocol Status Code 308 (Permanent Redirect)**|Proposed Standard|[RFC 5988](https://tools.ietf.org/html/rfc5988)|**Web Linking**|Proposed Standard||[client-hints draft](http://httpwg.org/http-extensions/client-hints.html)|**HTTP Client Hints**|Draft||[RFC 6455](https://tools.ietf.org/html/rfc6455)|**The WebSocket Protocol**<br>Defines the Link header|Proposed Standard||[RFC 5246](https://tools.ietf.org/html/rfc5246)|**The Transport Layer Security (TLS) Protocol Version 1.2**<br>There are modifications of this protocol in other specs, but are likely out of scope for this epic:<br>*SSL 2.0, 3.0, 3.1, RC4 decommissioning*, *handshake extensions*, *fallback rules changes*|Proposed Standard||[draft-ietf-tls-tls13-latest](https://tlswg.github.io/tls13-spec/)|**The Transport Layer Security (TLS) Protocol Version 1.3**<br>Only implemented in Nightly (for Gecko) behind a flag.|IETF Draft||[RFC 2817](https://tools.ietf.org/html/rfc2817)|**Upgrading to TLS Within HTTP/1.1**|Proposed Standard||[RFC 7540](http://httpwg.org/specs/rfc7540.html)|**Hypertext Transfer Protocol Version 2 (HTTP/2)**|Proposed Standard||[RFC 7541](http://httpwg.org/specs/rfc7541.html)|**HPACK: Header Compression for HTTP/2**|Proposed Standard||[RFC 7838](https://tools.ietf.org/html/rfc7838)|**HTTP Alternative Services***|On the standard track||[RFC 7301](https://tools.ietf.org/html/rfc7301)|**Transport Layer Security (TLS) Application-Layer Protocol Negotiation Extension**<br>*Used to negotiate HTTP/2 at the transport layer to save a roundtrip*|Proposed standard||[RFC 6454](https://tools.ietf.org/html/rfc6454)|**The Web Origin Concept**|Proposed Standard||[W3C CORS](https://www.w3.org/TR/cors/)|**Cross-Origin Resource Sharing**|Recommendation||[RFC 7034](https://tools.ietf.org/html/rfc7034)|**HTTP Header Field X-Frame-Options**|Informational||[RFC 6797](https://tools.ietf.org/html/rfc5797)|**HTTP Strict Transport Security (HSTS)**|Proposed Standard||[W3C Upgrade](https://www.w3.org/TR/upgrade-insecure-requests/)|**Upgrade Insecure Requests**|Candidate Recommendation||[W3C CSP](https://www.w3.org/TR/2012/CR-CSP-20121115/)|**Content Security Policy 1.0**<br>CSP 1.1 and 3.0 don't extend the HTTP headers|Candidate Recommendation||[Microsoft](https://msdn.microsoft.com/en-us/library/jj676915(v=vs.85).aspx)|**Specifying legacy document modes** *(X-UA-Compatible)*|Note||[RFC 4918](https://tools.ietf.org/html/rfc4918)|**HTTP Extensions for Web Distributed Authoring and Versioning (WebDAV)**<br/>Out of scope|Proposed Standard||[RFC 5689](https://tools.ietf.org/html/rfc5689)|**Extended MKCOL for Web Distributed Authoring and Versioning (WebDAV)**<br/>Out of scope|Proposed Standard||[RFC 4791](https://tools.ietf.org/html/rfc4791)|**Calendaring Extensions to WebDAV (CalDAV)**<br/>Out of scope<br>There are modifications of this protocol in other specs: *scheduling*, *CardDAV*, *timezone extensions*|Proposed Standard||[RFC 2324](https://tools.ietf.org/html/rfc2324)|**Hyper Text Coffee Pot Control Protocol (HTCPCP/1.0)**<br>Defines the BREW, PROPFIND, WHEN methods, Accept-Additions, and 418 I'm a teapot|April 1st joke||[RFC 7168](https://tools.ietf.org/html/rfc7168)|**Hyper Text Coffee Pot Control Protocol (HTCPCP/1.0)**|April 1st joke|",Content
129529,MDN Durable Team,Identify the different kind of information that are needed.,It will be necessary to look into spec (to know what exists) and into DevTools (to see what is displayed)Results:- Guides (see IA)- Method reference pages- Header reference pages- Status code reference pages,Content
129529,MDN Durable Team,Prepare basic pages for each of the different type of info needed. ,First drafts:HTTP headershttps://developer.mozilla.org/en-US/docs/Web/HTTP/Headershttps://developer.mozilla.org/en-US/docs/Web/HTTP/Headers/Cache-Controlhttps://developer.mozilla.org/en-US/docs/Web/HTTP/Headers/X-Frame-OptionsHTTP response status codes:https://developer.mozilla.org/en-US/docs/Web/HTTP/Statushttps://developer.mozilla.org/en-US/docs/Web/HTTP/Status/100HTTP request methods:https://developer.mozilla.org/en-US/docs/Web/HTTP/Methodshttps://developer.mozilla.org/en-US/docs/Web/HTTP/Methods/GET,Content
129529,MDN Durable Team,Define an information architecture for HTTP,This include at least:- Expected content type- URL Schema- Content navigation logicRESULTS IN THIS DOCUMENT: https://docs.google.com/document/d/1FotSIFpsaumitJl081aV8df6L71Jfw-FNPsSk9DSK4A/edit,Content
129529,MDN Durable Team,"Review the outcome of the ""webkit-prefixing"" project and make sure that the relevant info is documented",,Content
129529,MDN Durable Team,[Layout 50] [14/14] CSS/Layout/Canvas/WebGL/SVG related DDN bugs for Firefox 50,"CSS/Layout/Canvas/Gfx Firefox 50 bugs that are marked as ""dev-doc-needed"" and for which we need to update or write docs:|Assignee|Status|Link|Description||--------|------|----|-----------||@floscholz|DONE|~~[Bug 1111689](https://bugzil.la/1111689)~~|~~add support for ARB_shader_texture_lod to implement WebGL EXT_shader_texture_lod~~||@teoli    |DONE|~~[Bug 382721](https://bugzil.la/382721)~~|~~Dotted/dashed border-radiused corners are rendered as solid (no border-style support)~~||@teoli    |DONE|~~[Bug 1279641](https://bugzil.la/1279641)~~|~~[css-grid] 'span' is an invalid <custom-ident> in line name lists~~||@teoli    |DONE|~~[Bug 1273804](https://bugzil.la/1273804)~~|~~mask-position is not animatable~~||@teoli    |DONE|~~[Bug 648331](https://bugzil.la/648331)~~|~~Remove list item bullet size quirk~~||@teoli    |DONE|~~[Bug 1166728](https://bugzil.la/1166728)~~|~~remove box-sizing: padding-box~~||@floscholz|DONE|~~[Bug 1279690](https://bugzil.la/1279690)~~|~~SVG: always allowReorder~~||@teoli    |DONE|~~[Bug 1199529](https://bugzil.la/1199529)~~|~~Remove :-moz-full-screen-ancestor pseudo-class selector~~||@teoli    |DONE|~~[Bug 1141895](https://bugzil.la/1141895)~~|~~Unprefix values of unicode-bidi~~||@teoli    |DONE|~~[Bug 1249497](https://bugzil.la/1249497)~~|~~Make bdo element use unicode-bidi: isolate-override~~||SebastianZ|DONE|~~[Bug 843579](https://bugzil.la/843579)~~|~~Remove prefix from :any-link~~||@floscholz|DONE|~~[Bug 1280499](https://bugzil.la/1280499)~~|~~Implement TexImage for PBOs (PIXEL_UNPACK_BUFFER)~~||SebastianZ|DONE|~~[Bug 720531](https://bugzil.la/720531)~~|~~Implement border-image-repeat space keyword~~||@floscholz|DONE|~~[Bug 1280425](https://bugzil.la/1280425)~~|~~Drop support for SVG <image preserveAspectRatio=""defer ..."">~~|",Content
129529,MDN Durable Team,"Update all existing demos to use the WebVR 1.1 API, or delete, as appropriate..",You can the find the existing demos at [https://github.com/mdn/webvr-tests](https://github.com/mdn/webvr-tests).,Content
129529,MDN Durable Team,Add demo code snippets to all of the WebVR API reference docs.,You can find the ref docs at [https://developer.mozilla.org/en-US/docs/Web/API/WebVR_API](https://developer.mozilla.org/en-US/docs/Web/API/WebVR_API).,Content
129529,MDN Durable Team,"Research other demos that may be needed to demonstrate additional functionality, e.g. VRStageParameters for room-scale experiences.",,Content
129529,MDN Durable Team,Write any additional required demos.,,Content
129529,MDN Durable Team,"Update the ""Using the WebVR API"" and ""WebVR concepts"" tutorials, or delete, as appropriate",See [Using the WebVR API](https://developer.mozilla.org/en-US/docs/Web/API/WebVR_API/Using_the_WebVR_API) and [WebVR concepts](https://developer.mozilla.org/en-US/docs/Web/API/WebVR_API/WebVR_concepts).,Content
129529,MDN Durable Team,"Research other tutorials that should be written to explain other important concepts and techniques, such as how to work with an Oculus Rift, how to work with an HTC Vive (both the headset and the positionally tracked controllers)",,Content
129529,MDN Durable Team,"Write spec for an ""Introduction to JavaScript"" tutorial series for the learning area.",,Content
129529,MDN Durable Team,"Get the ""Introduction to JavaScript"" spec reviewed by at least one of MDN team members and at least one external reviewer.",,Content
129529,MDN Durable Team,"Create a prototype article that demonstrates the learning/writing style, format and approach to be taken by the tutorial series.",,Content
129529,MDN Durable Team,Get the prototype article reviewed by at least one of MDN team members and at least two external reviewers.,Florian looks like most appropriate writer to review the prototype articleSuggested external reviewer:- one of the self-learners we are in contact with- a teacher of web technologies,Content
129529,MDN Durable Team,"Write a ""What is JavaScript"" article.",,Content
